heroId,apm,casts,abilityCasts,kills,deaths,assists,networth,xp,cs,dn,neutrals,heroDamage,towerDamage,physicalDamage,magicalDamage,pureDamage,disableCount,disableDuration,stunCount,stunDuration,slowCount,slowDuration,healingSelf,healingAllies,invisibleCount,runePower,runeBounty,supportGold,level,campsStacked,ancients,goldLost,goldFed,weakenCount,weakenDuration,physicalItemDamage,magicalItemDamage,healingItemSelf,healingItemAllies,attackDamage,castDamage,damage,kDAAverage
1,193.11,208.15,116.31,6.61,4.47,6.36,19276.75,26267.79,287.13,10.88,65.37,14981.89,3569.07,10752.69,3415.04,30.99,0.42,125.67,10.2,697.14,2.58,466.37,18.0,1.21,156.54,1.6,3.1,55.11,21.32,0.72,6.43,-866.7,2897.73,2.26,781.61,637.2,131.1,2322.82,5.25,9600.97,3481.03,16899.73,2.9
2,164.29,159.33,64.03,8.15,7.81,10.19,14991.27,20580.47,163.98,5.56,32.46,21720.26,764.03,5838.78,27.47,7702.9,21.03,4835.24,0.07,10.12,26.11,18093.25,0.98,0.14,268.94,1.44,1.97,80.06,18.89,1.05,7.58,-1421.13,5188.57,0.67,239.79,4112.98,2009.39,1437.81,11.41,3114.4,12286.4,22148.78,2.35
3,150.72,154.78,82.75,4.22,7.24,11.79,9560.86,15738.87,45.46,4.85,5.76,13038.52,563.87,2984.01,81.22,9635.74,14.15,5256.96,6.55,2047.49,0.67,7.21,3288.56,0.13,1477.71,2.1,2.82,667.01,16.41,0.9,0.32,-846.05,3965.35,0.2,60.87,5.81,325.88,1545.33,125.43,3033.6,9644.49,14617.57,2.21
4,158.09,222.69,105.65,8.05,6.01,9.57,16386.72,22550.06,197.88,11.01,41.33,20147.55,2064.2,6549.8,231.25,9127.87,30.11,13945.96,1.09,103.16,1.57,48.35,15778.5,0.03,781.41,2.18,2.62,93.15,19.78,0.54,5.55,-1225.39,4284.97,4.05,1480.65,860.17,3302.14,2349.33,12.18,6531.85,9365.45,19387.0,2.93
5,140.34,161.43,86.58,3.64,8.32,13.86,9412.93,15477.68,46.0,2.59,8.13,12949.36,352.1,1950.8,10934.13,4.17,31.36,6421.41,0.0,1.87,40.19,14581.61,0.1,0.0,1993.84,1.43,2.89,765.8,16.24,1.11,0.24,-904.88,4373.48,39.46,14621.98,2.55,52.31,1245.01,113.86,2025.69,10863.54,16729.36,2.1
6,153.62,98.57,51.35,6.82,5.82,8.4,16395.09,21844.65,208.18,10.37,44.86,18174.78,3392.56,17770.14,256.7,9.32,0.0,8.21,16.75,1145.68,60.17,13445.82,0.07,0.02,3533.62,1.56,1.84,60.18,19.51,1.26,6.29,-1050.22,3680.0,0.32,46.05,75.69,47.59,1875.57,5.92,12855.18,4990.25,23311.88,2.62
7,163.81,228.95,127.28,6.24,7.03,12.19,12837.39,18695.05,115.8,5.65,18.43,18657.87,971.1,6936.64,11627.01,6.12,0.16,40.3,79.69,7383.76,1.07,17.98,0.54,0.03,1395.07,2.82,2.72,350.68,17.9,0.51,1.57,-1078.19,4295.45,0.39,88.29,11.75,66.82,1864.25,47.63,6862.58,11703.08,24935.62,2.62
8,169.79,149.38,42.35,7.01,5.33,7.96,18047.38,23950.41,252.55,9.8,57.14,18857.61,3623.32,11302.14,5041.31,9.2,0.0,8.86,0.94,94.8,1.33,15.72,5790.84,4439.6,701.56,1.26,2.45,68.8,20.43,0.76,7.64,-1084.9,3653.11,0.77,271.11,1097.87,1385.15,2432.9,5.62,4603.2,11417.56,20995.76,2.81
9,149.21,189.09,116.57,4.32,6.08,12.36,10929.27,16296.19,81.2,3.12,15.75,12488.14,746.3,4048.0,7568.93,4.4,2.97,561.37,14.6,3285.28,0.84,17.64,0.75,0.39,78185.85,2.0,2.84,572.83,16.66,0.92,0.5,-796.12,3348.36,0.41,119.4,21.42,836.67,1797.68,461.36,4077.68,7519.54,14637.04,2.74
10,197.13,387.64,315.15,7.79,4.62,6.86,18139.46,24065.73,247.14,13.34,48.57,19324.17,4796.04,10818.34,8253.33,62.06,0.46,109.9,6.95,726.41,9.0,417.95,95.5,35.13,986.83,1.86,2.07,45.96,20.48,0.76,7.11,-982.29,3242.69,3.91,1211.3,65.49,101.02,7800.1,3.55,9601.62,8611.48,23610.75,3.17
11,165.45,180.51,77.87,8.31,6.38,8.0,17447.17,23858.02,230.89,13.94,46.38,23374.38,5241.81,12897.36,10290.92,11.38,0.5,131.3,0.0,4.59,1.41,8.8,25.45,0.05,9044.03,4.46,2.82,95.42,20.39,0.99,6.62,-1330.22,4409.93,0.23,76.78,105.82,49.16,6674.64,18.66,12787.05,10300.17,29701.55,2.56
12,168.24,159.39,89.64,6.37,4.5,8.24,17623.71,23294.25,243.19,7.41,51.01,19779.97,2865.97,12966.01,6647.09,9.14,0.03,15.94,0.11,12.97,37.6,11549.83,0.15,0.01,113.6,1.05,2.13,41.5,20.17,0.37,5.57,-888.43,2997.38,0.65,152.7,0.4,140.31,2313.89,5.02,5702.58,6663.77,24527.59,3.25
13,178.47,317.42,202.1,7.56,5.79,11.02,15961.81,22746.91,183.66,6.92,22.18,22552.52,1641.25,6451.74,13795.06,7.42,25.18,6637.02,14.26,5647.04,1.21,7.59,2.04,0.01,928.6,6.83,3.8,138.37,19.87,0.65,1.05,-1084.55,3822.38,0.19,86.5,39.49,2244.53,4028.88,35.29,6405.16,13803.85,26663.5,3.21
14,157.27,273.55,183.93,6.34,8.74,12.23,11653.72,17521.88,88.72,4.38,16.1,16142.64,543.12,1979.55,9178.48,3644.08,0.38,72.92,11.69,2418.77,40.43,11800.77,3401.55,223.19,541.86,2.5,2.59,446.71,17.33,0.31,1.09,-1206.18,5114.75,0.63,241.64,549.35,741.5,1799.07,89.85,2041.97,12761.23,18742.16,2.12
15,159.84,168.34,88.18,7.92,6.78,10.66,15548.64,21213.24,178.95,11.59,27.23,24051.58,2205.43,13758.94,9178.28,11.45,0.41,97.28,0.05,9.27,31.79,2982.79,1.08,0.15,601.13,2.74,2.33,115.17,19.19,0.94,2.36,-1285.93,4673.2,125.96,11073.45,428.85,629.96,3597.15,23.45,10220.27,12617.7,28844.83,2.74
16,147.86,145.6,75.94,5.8,7.35,12.78,14064.22,19959.8,151.08,3.81,19.15,20706.38,659.22,2187.25,17969.51,8.57,0.29,72.81,33.28,4975.83,17.84,4693.66,1.44,0.06,29385.78,1.92,2.09,270.88,18.59,0.69,3.16,-1233.4,4692.74,18.88,5614.89,54.45,470.14,1959.29,63.45,2198.12,17970.33,27542.84,2.53
17,168.46,309.74,173.77,8.47,5.91,9.37,15616.39,22528.94,181.07,7.81,38.31,19804.58,1529.29,7869.93,10190.2,7.31,0.26,93.96,16.41,2108.54,66.86,5071.5,0.78,0.01,799.53,6.85,3.98,134.56,19.81,0.68,2.49,-1079.59,3864.37,66.21,5256.88,38.59,1682.13,4587.22,16.11,7805.96,10204.67,22410.89,3.02
18,166.06,174.01,68.23,6.66,5.42,8.2,18319.05,24751.82,272.27,6.98,68.29,18510.08,3244.99,15256.15,3122.3,10.03,0.05,19.7,22.87,2742.8,13.06,1054.83,0.22,0.02,2605.5,1.42,2.54,54.86,20.71,1.02,9.62,-1208.73,4008.05,0.3,47.95,19.14,84.25,8436.73,10.62,12277.97,6110.59,28948.99,2.74
19,155.68,190.77,97.88,5.32,6.39,11.53,13196.51,19164.98,126.16,6.14,19.33,16432.37,1741.53,6427.37,9823.88,4.8,0.09,26.89,172.8,3054.02,9.51,729.46,0.53,0.04,2699.16,2.76,2.62,254.22,18.19,0.42,2.06,-997.06,3929.85,0.2,60.84,44.75,121.03,1994.94,41.73,4900.91,11345.31,21309.45,2.64
20,161.09,171.12,98.58,3.19,9.01,15.26,9270.7,15616.56,45.87,4.24,7.56,11759.58,548.32,3085.19,8549.01,3.18,0.04,16.7,29.07,4042.06,0.73,11.47,1105.46,0.11,542.07,1.58,2.69,720.71,16.31,1.47,0.38,-1022.46,4840.26,44.09,28097.31,9.12,107.05,1572.77,180.05,3074.84,8453.92,14250.51,2.05
21,158.29,198.96,126.8,7.1,6.17,10.07,13532.06,19506.6,128.65,7.59,17.71,17931.74,1779.36,9812.51,5209.14,8.45,0.37,81.82,21.2,3161.23,20.73,8308.1,0.85,0.04,588.26,3.72,2.68,307.35,18.33,0.7,1.45,-1036.76,3875.97,0.27,76.64,36.93,2854.8,2190.44,45.74,9806.69,5203.33,18238.37,2.78
22,160.13,289.52,205.66,8.03,5.43,13.51,14335.79,19711.47,125.18,4.84,15.29,30161.68,496.2,1158.46,27664.15,8.48,0.12,32.07,33.71,1234.04,0.950000000000001,7.96,0.97,0.0,550.95,5.05,3.49,121.44,18.5,0.84,1.01,-915.59,3458.93,0.1,36.52,2.18,1318.63,2254.23,43.03,1130.49,27660.42,34965.88,3.97
23,187.27,240.61,93.95,5.61,5.74,13.58,15541.06,21146.42,188.42,6.18,25.35,21285.36,1383.56,9513.68,8566.62,8.62,24.29,5493.04,39.04,5658.8,31.51,10846.26,0.99,0.02,2019.88,3.55,2.38,122.86,19.22,0.67,3.14,-1133.39,4038.73,2.37,1001.12,1493.4,1579.92,2392.3,39.24,4921.06,13158.55,26543.92,3.34
25,172.18,233.5,143.15,8.14,6.44,8.86,15728.95,22142.47,183.86,6.1,28.09,22182.51,2145.16,4886.74,16793.64,27.22,1.06,255.44,23.18,3610.01,1.03,7.82,1.07,0.01,2577.94,4.93,3.08,277.0,19.55,0.92,2.68,-1174.55,4269.23,0.2,67.55,18.49,438.52,2679.19,46.05,4879.65,16805.78,28654.18,2.64
26,141.86,164.24,96.39,4.56,8.45,11.53,9404.61,15284.14,39.59,3.2,4.85,10397.94,265.47,2142.35,8191.26,2.88,0.05,17.4,50.43,9260.08,0.97,7.74,0.04,0.0,673.62,1.63,2.66,732.61,16.11,0.9,0.12,-941.09,4380.71,0.24,40.95,1.82,55.01,1153.51,78.47,2208.06,8127.4,13659.0,1.9
27,128.2,159.33,83.35,3.85,8.81,13.76,10251.54,15528.35,69.76,3.32,7.56,12411.46,2125.85,8011.44,4355.34,4.63,0.0,14.12,36.75,8542.05,0.870000000000001,8.52,1960.15,0.02,598.76,1.63,2.73,738.75,16.24,0.77,0.61,-1090.08,4858.08,0.31,47.22,1.36,32.76,1216.47,108.49,1700.66,4298.33,16044.48,2.0
28,166.4,198.64,122.79,7.68,6.78,10.97,15063.73,21189.42,153.82,8.07,25.77,17309.2,1505.02,17074.69,17.62,6.54,0.0,8.85,82.49,15581.14,41.18,12149.51,0.39,0.08,653.56,2.06,2.21,60.09,19.18,0.37,5.0,-1245.5,4645.51,57.63,37049.56,57.17,137.54,3016.6,9.02,12685.34,4409.38,20713.31,2.75
29,167.82,238.89,137.01,4.07,6.25,13.52,13587.76,18505.23,146.96,5.71,20.28,15657.84,2245.59,7546.65,6548.09,6.16,0.04,18.86,18.77,3216.33,29.65,10484.36,1.42,0.07,282.16,1.36,1.81,120.41,17.92,0.61,3.63,-1076.37,4002.54,30.38,11644.46,225.62,1305.82,2238.83,541.5,2018.61,12083.21,20074.36,2.81
30,146.33,172.81,93.1,6.61,8.42,11.35,10953.33,16784.01,69.77,3.27,11.68,18405.25,358.46,1814.05,9054.28,7298.92,0.0,13.28,54.75,3560.01,0.84,9.15,1687.93,2260.4,1976.7,1.67,2.64,737.69,16.95,0.95,0.48,-1021.89,4572.27,0.29,69.08,2.02,225.93,1400.44,205.01,1901.07,10076.0,22840.58,2.13
31,147.06,175.44,99.4,4.53,8.19,14.7,9666.39,15455.96,48.64,2.43,6.58,15104.38,335.3,1928.38,13037.24,6.24,13.82,1643.42,0.0,2.48,135.7,18636.49,4.1,0.14,1211.89,1.45,2.74,800.53,16.24,1.03,0.23,-914.55,4297.36,45.05,14309.22,2.28,124.64,1392.55,254.08,2018.04,12953.95,20048.63,2.35
32,152.74,155.48,100.52,9.79,6.18,10.53,14862.31,24596.08,132.83,8.91,15.08,19927.35,1258.58,17960.62,1626.41,6.22,38.62,9050.4,1.52,139.94,39.97,9078.5,0.13,0.06,85458.72,2.36,2.81,197.35,20.59,0.11,1.59,-1097.99,4213.73,38.95,9144.72,154.31,168.63,1703.8,15.9,13745.06,5690.43,21978.63,3.29
33,147.76,137.61,72.33,3.5,8.32,13.01,11159.41,15619.57,89.52,4.13,29.17,16994.54,1249.05,4963.05,8901.7,3048.09,14.73,2326.01,81.41,11503.07,0.9,6.72,0.09,0.03,339.72,1.52,2.31,441.36,16.32,0.95,0.68,-1080.36,4444.08,0.64,192.05,3.71,71.4,1251.06,229.71,1709.52,11902.81,21159.74,1.98
34,159.76,862.13,440.15,8.38,5.52,9.98,15720.73,23402.44,166.3,7.88,18.45,29145.34,126.89,1098.99,16066.43,9514.69,0.02,10.79,0.73,67.92,1.02,6.86,0.49,0.01,177.01,4.2,0.83,164.99,20.01,0.84,4.74,-1021.6,3596.75,49.24,16628.77,1.36,2456.59,7855.83,89.48,1096.47,25582.08,33323.87,3.33
35,131.02,117.22,66.83,8.35,5.85,10.53,16370.25,21477.51,196.01,14.52,30.28,24758.71,3566.74,16234.63,6549.47,10.7,0.0,6.88,99.28,3066.69,122.34,16543.72,0.1,0.0,2304.75,2.91,1.67,125.97,19.34,1.19,5.12,-1156.63,4001.59,78.6,3823.14,75.69,1867.9,3387.86,10.71,15628.4,7133.35,28395.53,3.23
36,181.61,188.55,144.04,8.94,6.31,10.23,17184.37,23138.03,212.51,8.85999999999999,34.23,26166.58,1388.59,2463.15,17697.44,16.54,0.32,74.25,7.05,970.38,25.84,7087.45,6652.71,4221.87,492.68,3.14,2.07,111.92,20.03,1.04,2.01,-1267.79,4496.98,29.07,12044.71,366.38,4371.61,1763.0,138.53,2459.28,18925.59,27514.43,3.04
37,136.48,154.46,78.07,3.96,6.41,14.55,11262.56,15585.58,83.42,2.66,8.23,18839.86,1703.38,6438.9,10083.09,2260.93,0.1,21.72,11.34,805.79,30.58,14943.91,856.47,2205.63,2994.71,1.42,2.51,717.47,16.33,1.38,0.63,-850.05,3603.7,33.56,54691.38,1.98,47.97,1095.28,186.22,1721.65,15065.3,25586.37,2.89
38,169.3,206.38,148.13,5.54,7.74,11.72,14220.24,19542.43,159.32,4.33,28.48,18740.08,2565.63,5994.24,12253.68,7.74,0.22,25.03,7.77,1903.13,3.1,686.06,972.39,0.21,269.65,1.55,1.75,137.87,18.35,1.04,5.66,-1338.34,4876.19,3.19,1062.62,123.22,341.63,2330.45,724.54,2681.17,12272.56,25844.74,2.23
39,165.15,268.13,165.81,7.61,5.34,10.37,15016.96,21371.73,159.07,10.54,20.73,22833.67,1618.13,4848.59,12061.01,5016.6,2.7,477.33,0.05,13.98,34.37,28432.55,2596.09,0.07,802.77,6.51,3.96,189.16,19.24,0.58,1.26,-965.19,3533.13,0.57,270.92,70.84,816.31,3736.8,55.28,4805.27,17073.34,27912.03,3.37
40,146.34,215.1,142.18,4.4,8.41,16.06,11157.61,15885.19,81.24,3.16,15.36,19953.82,932.66,4246.9,14750.92,6.63,0.51,101.28,0.18,24.28,46.82,42165.76,0.93,0.75,423.06,1.54,2.39,608.17,16.5,0.99,1.36,-1061.19,4625.64,0.46,183.74,18.43,922.03,1815.97,670.81,2948.47,14661.88,23527.25,2.43
41,172.7,191.87,85.89,6.37,5.0,8.67,17513.62,23398.06,227.11,9.62,56.36,14752.06,1914.26,9661.45,1964.88,6.36,0.0,8.25,33.96,4740.26,1298.35,103.73,4107.87,0.02,466.45,1.17,2.3,37.88,20.21,0.63,7.26,-1047.5,3447.45,0.75,171.56,42.65,3057.35,6393.81,5.32,9554.8,1993.43,13066.92,3.01
42,178.16,201.14,48.9,6.21,5.1,10.86,17714.59,22311.84,227.35,7.5,45.41,20673.42,4353.86,13389.73,2783.93,9.17,0.0,11.63,46.23,9296.06,35.49,11131.16,13754.3,0.0,916.18,1.18,2.16,50.59,19.69,0.74,4.61,-997.35,3495.27,39.36,15936.22,455.66,3992.32,1884.57,8.02,8755.45,2816.3,19275.72,3.35
43,158.16,226.26,148.03,7.57,6.46,10.16,14557.79,20307.43,148.24,5.45,17.4,22301.85,2686.68,8616.67,13012.66,9.87,1.8,413.24,0.09,17.35,30.21,10631.04,9199.33,0.09,716.83,4.02,2.67,199.75,18.78,0.8,1.44,-1174.44,4412.58,3.44,1902.86,152.84,490.63,2622.5,646.53,2836.22,18791.5,27584.24,2.74
44,166.98,233.13,165.16,8.4,6.21,8.32,17697.55,24324.6,230.3,7.67,51.93,19546.45,2030.5,17525.23,18.66,706.89,0.0,8.92,1.51,138.06,40.49,11037.61,3253.86,0.01,126.72,1.3,2.17,65.11,20.5,0.41,7.7,-1233.16,4154.47,0.33,49.6,1156.46,124.44,2035.88,5.96,17492.88,755.66,20983.85,2.69
45,154.49,225.33,154.08,5.69,7.25,12.65,11808.41,17116.81,89.98,3.65,11.0,21923.49,3923.01,2016.26,19399.66,6.82,0.35,73.16,0.05,8.32,14.98,4351.81,5393.76,2537.77,1036.27,2.68,2.67,522.86,17.16,0.98,0.56,-1025.87,4281.78,14.31,4397.75,2.86,489.85,1868.86,81.93,2075.17,19344.02,26890.07,2.53
46,197.65,265.37,159.62,8.4,5.33,8.5,18305.16,25266.85,244.14,9.85,44.73,22090.48,4191.98,18396.9,736.13,2770.91,4.25,749.45,0.02,6.75,24.69,10435.65,0.99,0.03,875.65,4.3,2.3,78.88,20.96,1.23,8.32,-1207.67,4080.19,18.03,9975.52,125.41,44.98,1952.92,11.1,15681.66,6190.9,27668.68,3.17
47,137.41,107.51,50.44,7.63,6.95,11.15,14543.98,20134.6,147.88,11.02,20.07,23071.6,2314.87,6855.25,14611.07,9.41,2.14,465.02,0.03,6.92,199.87,41179.0,0.98,0.06,1306.72,3.34,1.99,159.81,18.73,0.63,2.79,-1217.11,4542.42,199.61,41496.7,394.18,1158.54,2264.6,120.47,6823.29,14616.56,25996.88,2.7
48,166.33,127.44,43.1,6.13,5.3,10.35,19415.66,25187.41,312.79,8.84999999999999,70.56,20028.4,6493.37,11815.2,8083.51,12.6,0.0,8.34,24.43,1478.0,1.36,10.89,0.2,0.04,961.32,1.61,2.4,56.46,20.99,1.49,10.2,-1184.48,3847.17,0.67,192.19,57.0,36.34,8192.01,7.47,7081.91,12040.73,28551.69,3.11
49,141.11,154.88,82.73,5.21,5.89,10.32,15277.65,20474.47,172.88,9.75,26.58,17219.05,3329.36,7542.99,8457.89,6.67,0.0,12.26,21.06,3854.53,7.13,2172.79,0.43,0.04,2146.62,2.21,2.0,75.5,18.87,0.53,3.29,-1169.24,4137.14,7.43,2791.31,325.5,851.82,1512.58,12.52,6834.19,9103.25,21760.55,2.64
50,183.11,231.08,149.9,4.05,7.93,12.96,11519.52,16970.7,96.2,5.67,14.91,12422.45,762.25,12166.05,74.29,5.42,0.08,20.83,0.0,2.24,0.92,8.83,5745.25,5718.1,654.06,2.37,2.55,545.69,16.97,1.14,1.33,-1031.58,4384.26,0.63,242.9,23.93,145.53,1975.29,464.2,4201.65,8016.54,16997.73,2.15
51,150.25,197.26,118.26,5.23,8.03,14.72,11161.38,16163.6,75.09,3.28,11.67,18274.28,452.37,2730.31,12190.9,6.42,0.12,34.39,159.68,3631.82,0.880000000000001,64.32,1.69,0.51,366.5,2.06,3.03,467.12,16.6,0.63,0.62,-1086.17,4717.17,1.33,618.32,1298.83,1936.46,1885.19,202.74,2811.51,12116.0,19121.2,2.48
52,166.69,264.89,175.38,6.09,7.39,10.13,14231.86,19944.76,160.66,6.49,21.23,21399.39,2850.21,2127.11,15605.58,3446.08,1.27,300.68,17.33,2431.69,40.32,3133.0,1.19,0.04,647.19,4.58,3.11,226.19,18.53,1.31,2.05,-1293.56,4738.13,1.13,625.59,20.42,186.36,8136.74,69.49,2122.7,19041.76,32076.22,2.19
53,127.7,157.82,94.69,7.0,8.38,14.71,14990.23,19067.56,161.08,4.65,22.4,20785.36,2555.58,8796.21,10584.85,5.81,1.02,257.27,0.14,31.42,0.97,24.76,0.29,0.11,1691.82,2.76,2.29,419.11,18.14,0.93,1.92,-1386.01,5268.56,3.5,1611.52,150.11,1229.01,1289.78,92.97,8699.87,10508.22,24683.59,2.59
54,165.39,205.79,34.3,7.58,4.89,8.56,17511.11,23612.26,217.97,10.94,44.12,19068.03,3802.33,15565.78,1461.9,11.23,0.03,15.24,2.74,265.9,4.15,1011.45,14794.7,258.79,1189.86,1.12,2.12,62.64,20.27,0.7,6.97,-1054.2,3596.49,8.94,3787.1,23.75,1980.13,1788.53,20.88,15520.3,1491.94,20153.53,3.3
55,170.9,208.25,132.14,4.13,6.64,13.93,13499.66,17791.52,147.55,2.83,22.55,16798.32,572.93,5873.78,10239.94,56.41,0.1,24.03,4.5,396.21,18.15,4130.39,1.18,0.22,252.29,1.65,2.17,249.85,17.5,0.9,2.19,-1071.38,4001.99,1.8,793.17,107.38,504.01,2596.26,1892.81,1371.99,10378.33,22089.6,2.72
56,173.33,217.09,159.37,9.09,7.25,11.2,14247.94,20864.07,115.63,4.69,18.66,22230.71,4176.26,19101.75,2191.13,7.38,0.51,164.88,0.17,40.37,1.14,9.01,7721.31,0.04,51929.73,3.17,2.97,296.27,19.04,0.64,1.85,-1234.33,4688.99,6.86,2920.3,51.46,862.58,1338.51,23.22,11858.7,2354.87,23951.49,2.8
57,163.35,210.22,102.98,5.73,6.72,10.04,12804.97,18513.21,114.63,7.73,17.51,16169.71,1352.28,4248.62,36.87,11377.16,0.02,13.38,0.11,12.74,9.41,790.52,6801.8,2384.71,573.93,1.92,2.2,265.55,17.82,0.41,2.03,-1071.78,4222.7,1.23,488.77,101.58,389.39,1955.47,410.58,4264.7,11395.11,19466.55,2.35
58,158.07,97.87,39.08,5.11,6.53,10.24,10996.08,16996.14,72.27,4.48,13.5,14881.13,1384.64,6317.3,192.43,8086.61,0.18,37.68,0.02,7.15,10.02,3906.19,6325.06,1695.39,333.74,1.75,2.43,504.6,17.06,0.92,0.72,-797.48,3586.94,42.09,3255.8,40.9,230.94,1297.44,79.48,5993.65,8225.25,17065.96,2.35
59,139.25,145.69,47.26,9.58,8.15,8.03,15259.94,21243.07,158.23,12.84,25.17,24448.74,4143.67,10773.77,13202.61,24.06,0.0,10.94,0.0,5.03,17.62,4985.25,2989.06,0.11,548.33,2.47,1.6,137.91,19.24,0.52,5.86,-1604.08,5719.66,1.7,556.25,185.09,227.22,3315.63,4.04,10772.05,13224.62,28220.96,2.16
60,169.64,212.2,79.37,7.83,5.74,10.8,14949.09,20520.31,149.81,10.56,26.88,16470.46,1987.67,9861.62,6067.98,5.65,29.42,7809.75,21.01,380.13,41.57,7945.17,2419.11,0.05,820.38,1.86,2.41,133.55,18.85,0.41,2.74,-1076.3,3965.29,59.51,14902.79,128.96,384.48,2181.73,24.59,9856.17,6076.72,18082.91,3.25
61,201.38,238.7,150.01,8.15,6.67,6.87,16224.25,22907.14,209.64,8.1,38.88,18574.24,6110.48,13405.47,4515.59,9.57,0.51,182.26,0.2,34.35,11.08,992.4,6608.9,0.0,382.09,2.83,1.72,159.19,19.93,0.28,3.52,-1389.09,4778.22,1.34,514.76,13.47,616.64,1261.95,30.0,10813.38,4529.75,20863.93,2.25
62,158.37,207.92,134.28,6.61,7.67,12.96,14045.93,17637.85,56.03,2.98,7.15,17157.56,751.11,9440.21,6841.6,3.53,0.22,65.2,17.09,1481.86,1.26,68.58,1.35,0.23,54673.76,2.49,3.2,460.2,17.34,0.19,0.56,-1228.99,4934.04,1.05,437.35,38.19,825.06,1920.17,223.65,8564.11,7709.54,17538.35,2.55
63,189.02,190.29,142.96,8.65,5.17,9.69,16973.06,23374.45,205.06,8.86,36.57,21884.34,3903.22,16811.47,3517.12,10.2,0.16,37.63,0.0,3.61,1.4,12.43,0.37,0.05,135.02,1.82,2.6,127.23,20.15,0.54,4.46,-987.03,3556.7,22.77,13052.52,87.46,1439.42,2860.09,29.06,13566.31,6751.73,25223.71,3.55
64,149.62,162.7,82.68,4.14,7.79,13.89,10331.5,15903.21,69.69,2.62,11.29,15919.69,1923.86,2461.88,11833.12,1468.75,1.54,309.63,22.74,3260.22,33.11,13927.18,0.21,0.08,565.72,1.53,2.49,700.49,16.49,1.0,0.74,-938.74,4257.99,59.04,25265.51,5.17,142.25,1718.32,470.01,2552.84,13212.81,20895.73,2.31
65,170.25,280.87,195.63,5.14,8.01,12.58,12173.02,18012.96,113.77,4.21,20.68,16516.85,356.34,1982.37,14225.79,4.22,8.27,1885.28,8.13,1847.11,127.01,21547.89,1.3,0.1,498.15,3.36,3.02,366.56,17.54,1.72,1.53,-1209.85,4719.96,0.57,255.1,26.08,266.67,2530.69,68.79,2033.72,14165.83,21181.18,2.21
66,175.79,137.18,64.81,3.33,6.68,14.14,11525.49,15206.22,82.37,3.41,30.36,9784.35,2677.17,7620.7,1971.65,3.43,0.26,55.22,0.02,11.19,24.14,11577.26,1116.39,4831.82,254.63,1.15,2.97,553.57,16.08,1.58,2.39,-906.18,3749.09,27.64,13761.36,29.7,152.66,1784.98,2018.12,5340.23,1910.73,11438.25,2.62
67,165.7,152.3,65.84,8.8,5.13,14.04,17574.96,24748.7,207.12,8.51,47.53,24802.14,1736.79,7670.59,7100.08,3267.42,0.08,30.44,0.42,43.31,32.0,16460.06,1.32,0.13,90.24,1.22,2.09,60.62,20.77,0.89,5.14,-1029.17,3574.07,24.02,9071.82,1730.19,4878.4,2354.68,36.74,5386.83,12122.01,22194.6,4.45
68,147.43,190.32,118.89,4.46,7.42,14.47,10120.83,15594.0,51.19,3.12,7.97,14706.09,360.83,3397.3,10753.5,5.46,0.74,149.39,8.62,1470.04,67.45,18792.74,0.27,0.2,588.51,1.69,2.39,681.88,16.3,1.29,0.35,-828.26,3768.72,0.3,59.87,5.27,273.76,1264.34,172.55,3477.73,10942.17,17985.45,2.55
69,154.72,176.63,70.09,5.29,7.4,10.92,16593.77,19842.62,150.9,6.13,34.42,15863.06,659.81,3202.21,8349.06,2601.81,1.48,255.03,18.77,1354.08,3.49,748.63,684.92,5.33,1241.49,1.59,2.29,139.39,18.53,0.88,1.74,-1462.88,4993.04,9.58,4069.84,340.82,1336.93,1710.57,65.68,3203.15,10943.2,18208.68,2.19
70,198.2,276.2,129.3,9.73,6.0,7.09,17872.48,24265.61,219.07,6.77,45.35,22019.11,2030.11,18280.39,2422.47,12.69,0.03,14.79,4.52,427.77,27.29,8026.53,0.36,0.04,519.64,1.54,2.32,79.13,20.53,0.47,7.74,-1215.23,4218.24,0.32,62.8,1154.63,122.36,5372.05,13.7,18264.01,2456.86,23748.23,2.8
71,124.6,225.54,104.39,6.9,6.95,15.82,15277.22,22018.67,147.08,4.45,18.8,17638.28,614.32,5388.92,11206.05,4.85,0.1,31.3,86.39,10417.98,1.84,109.33,1.03,0.18,4265.89,2.51,2.84,248.1,19.49,0.88,0.63,-1199.34,4609.75,0.43,130.11,350.6,650.01,1741.87,60.51,5424.78,11172.88,20626.69,3.27
72,152.59,167.01,101.12,6.27,6.95,11.18,14801.7,20392.67,182.45,7.74,37.14,21807.76,2406.07,9633.7,11580.68,8.73,0.16,35.58,23.49,4070.32,21.31,3480.69,0.56,0.11,638.84,1.96,2.49,265.46,18.73,1.44,3.26,-1189.36,4394.24,0.32,72.4,74.71,493.06,4340.23,85.8,6550.52,14663.94,28575.12,2.51
73,167.09,210.79,107.83,5.08,6.08,10.69,18947.65,23204.04,239.17,4.64,63.44,18789.51,2394.63,13780.48,29.39,6.17,0.07,26.51,22.36,3628.64,1.13,38.76,0.62,0.03,1170.69,2.43,3.03,135.35,20.02,3.11,5.6,-1338.62,4297.89,90.48,36829.42,116.93,4835.21,1698.51,34.87,5630.21,8109.68,17870.47,2.59
74,253.47,1446.57,1391.8,6.41,5.58,11.53,14300.71,19834.02,122.61,8.17,15.89,18420.33,1960.32,6091.94,8514.52,2499.03,22.52,4645.84,51.69,2100.76,10.57,3807.03,1610.27,0.3,10480.41,3.17,1.94,231.87,18.48,0.57,1.17,-946.61,3521.73,0.56,147.5,25.6,1276.51,1224.41,119.42,5278.06,10984.94,21918.15,3.22
75,134.44,133.6,67.31,5.25,7.86,13.77,10889.33,16433.41,67.18,4.78,10.75,15812.11,875.28,4076.78,9474.5,1880.41,50.65,20155.66,0.03,7.47,32.63,22347.47,0.29,0.03,962.06,2.34,2.38,515.52,16.74,0.81,0.87,-970.67,4231.02,0.16,45.28,17.61,353.4,1401.74,88.08,4113.04,11314.58,18137.17,2.42
76,156.55,101.48,44.37,9.0,5.4,7.45,16820.36,22881.67,184.78,14.13,27.74,23808.09,2843.56,4743.88,9036.74,8117.94,27.9,8909.4,4.4,308.43,1.16,9.35,594.27,0.02,1243.3,4.44,2.1,142.69,19.94,0.51,3.98,-1151.19,4030.28,0.2,85.36,36.96,1856.95,1238.8,8.16,4723.12,17160.87,28392.12,3.05
77,176.42,114.18,72.85,6.43,5.52,9.0,16000.03,19786.53,188.18,7.48,31.6,15810.91,5620.7,14872.61,737.46,5.66,0.01,12.92,0.38,43.31,5.71,435.3,53.7,63.3,564.37,1.96,2.17,117.34,18.51,0.4,5.71,-1100.86,3810.83,0.61,199.42,42.96,139.96,2175.94,985.3,7328.49,840.92,18436.84,2.8
78,205.39,289.43,216.06,5.84,6.07,11.73,15572.0,21146.85,164.77,8.61999999999999,27.79,17588.9,2353.32,6237.4,6642.82,7.85,3.51,1528.91,10.73,1536.17,23.23,7475.67,1.94,0.23,241.25,1.61,2.06,126.78,19.12,0.62,2.28,-1065.1,3892.77,47.36,18557.65,46.43,4637.04,2395.39,143.16,3835.58,6636.87,18633.39,2.89
79,166.93,262.73,190.65,4.46,7.62,12.47,9768.9,15045.47,52.08,2.52,7.54,14857.32,492.26,6492.27,7966.39,146.24,15.64,4240.81,0.18,10.03,9.73,4554.24,75.4,308.44,657.46,1.64,2.48,726.83,15.99,2.05,0.6,-850.11,3946.61,0.35,75.46,11.34,234.89,1389.25,183.44,1750.35,9004.19,18368.69,2.22
80,186.37,38.8,25.97,8.07,4.91,8.04,17152.68,21600.49,205.63,11.51,38.71,19252.98,8194.45,16740.14,1414.48,5.2,7.51,1280.66,0.0,4.0,1.09,22.13,9282.92,0.99,225.68,2.84,2.17,96.4,19.39,0.51,5.44,-1057.11,3718.53,0.22,73.95,31.94,1043.18,1984.56,11.84,4608.64,1430.64,21230.25,3.28
81,158.07,204.58,70.41,9.68,5.78,8.94,17546.81,23187.17,211.71,9.54999999999999,36.03,22549.94,4486.96,19792.47,2572.61,10.8,0.09,32.54,23.17,3682.9,15.27,1200.17,20992.94,0.44,1600.33,1.33,1.96,59.48,20.12,0.45,7.01,-1236.07,4358.6,0.38,93.36,12.8,140.94,2065.98,5.39,13398.87,2602.15,26508.04,3.22
82,186.82,257.47,189.13,9.59,5.67,8.03,18018.76,26837.41,234.97,7.67999999999999,48.87,22022.13,5537.04,11624.69,127.65,10156.11,35.05,6886.76,1.1,269.14,1.15,19.46,17788.75,0.06,744.9,4.28,2.68,67.19,21.54,1.74,8.81,-1289.85,1520.23,4.24,1318.58,3.6,74.6,575.05,12.42,11596.14,10290.68,28885.43,3.11
83,172.84,191.03,109.65,3.58,7.06,16.77,9566.51,16213.82,45.63,2.79,6.23,12734.76,993.17,2368.59,9685.35,3.72,15.35,3939.85,2.02,94.96,69.23,22530.41,3811.39,5915.76,150.84,1.48,2.64,730.04,16.66,0.71,0.2,-782.16,3856.84,0.85,318.92,13.46,655.78,1392.83,236.5,2498.41,9561.06,15240.41,2.88
84,152.49,187.87,109.27,4.62,7.12,13.61,13416.34,18973.98,91.47,5.6,17.37,18726.45,938.11,2408.76,15563.27,4.91,0.23,50.36,42.12,3507.25,51.4,27691.69,0.96,0.18,497.68,1.88,2.53,473.41,18.08,0.65,0.65,-1071.22,4349.66,0.51,210.58,260.27,462.46,1547.65,197.3,2455.56,15518.54,20593.62,2.56
85,151.85,192.79,116.28,5.2,7.75,15.77,11110.79,16391.46,76.26,3.45,9.37,12505.16,586.74,6401.76,3995.44,5.66,0.21,43.72,0.09,12.86,3.87,73.13,4620.51,1119.07,387.79,1.52,2.38,524.18,16.75,0.67,0.58,-1074.39,4636.22,0.91,353.47,793.37,785.73,2232.48,1575.16,2304.85,8560.1,14668.21,2.71
86,165.96,219.8,140.77,4.42,7.49,13.45,10607.99,16198.75,72.97,3.81,6.91,15753.83,379.82,2699.15,12063.69,450.46,2.09,629.19,46.74,5335.58,10.69,2003.13,277.32,205.84,868.17,2.26,2.56,649.57,16.64,0.94,0.2,-943.71,4126.34,2.43,1162.66,1.1,512.17,1622.01,110.47,2520.86,12468.06,20675.4,2.39
87,144.41,173.9,94.57,3.04,7.83,15.63,8868.76,14864.18,33.44,2.47,4.12,11410.88,248.97,2555.87,8728.77,2.64,33.66,4911.3,0.0,2.3,0.65,6.88,0.15,0.06,762.29,1.48,2.72,796.17,15.89,1.0,0.14,-812.37,3935.79,0.3,53.72,1.56,115.89,1449.73,190.07,2636.96,8650.76,14436.33,2.38
88,154.55,167.47,97.88,8.39,7.71,10.39,11584.96,18956.42,55.26,4.02,6.43,20664.51,416.92,3150.37,10096.2,4271.73,0.08,23.34,44.69,6015.85,1.1,34.31,0.33,0.12,342.83,2.95,3.33,462.93,18.04,0.37,0.17,-1092.03,4693.97,0.21,52.78,4.19,3133.67,3097.84,77.54,2655.95,14858.08,19775.58,2.44
89,198.62,151.14,73.07,5.12,3.78,7.46,19620.06,22505.14,327.79,4.85,76.67,15874.1,3617.05,11589.73,3282.57,7.87,15.45,4827.12,0.11,17.27,1.37,16.1,0.14,0.01,299.74,1.34,3.03,44.4,19.76,0.83,4.91,-820.21,2620.33,31.21,13033.99,0.87,978.06,1718.63,11.15,5266.9,3299.03,21004.23,3.33
90,168.32,269.91,211.36,4.35,5.94,12.92,12590.62,17844.19,119.41,2.19,13.56,17228.14,478.56,1768.89,13204.7,5.05,10.26,823.58,0.08,18.55,0.96,11.13,1641.63,3399.85,625.84,2.17,2.41,570.14,17.49,2.34,0.53,-898.33,3516.62,18.82,6468.45,2.99,2240.59,1764.31,236.03,1808.13,13166.82,22610.07,2.91
91,183.84,223.11,153.47,2.1,7.47,17.42,8892.07,15470.01,33.03,3.63,6.64,6080.68,934.26,3105.41,2828.0,2.73,0.06,17.49,0.0,1.83,39.58,3199.44,28.66,10946.58,290.6,1.45,2.25,594.61,16.19,1.27,0.45,-810.48,3952.74,30.81,3063.14,20.32,115.65,3113.85,2748.1,3166.18,2745.44,7566.34,2.61
92,226.31,183.84,124.86,8.55,5.73,10.2,14724.29,20599.05,138.95,9.27999999999999,24.41,18892.45,5294.4,11543.54,6795.34,10.0,0.45,96.72,26.86,2123.15,25.32,11696.1,0.21,0.01,312.46,2.45,2.11,234.63,18.84,0.51,3.04,-997.16,3773.27,32.65,15684.24,55.47,474.78,1354.83,185.61,6977.8,6795.7,21389.44,3.27
93,184.56,227.32,118.5,8.11,6.24,9.06,16289.37,22853.28,191.0,9.74,41.11,17212.44,2488.97,13039.84,3982.56,7.01,0.12,45.4,0.85,83.2,13.16,1120.1,0.14,0.0,5600.75,1.69,2.82,139.69,19.93,0.45,3.03,-1160.67,4166.32,0.99,316.45,2.75,161.65,2278.41,5.32,13027.5,4003.18,20252.98,2.75
94,143.99,171.55,124.79,3.89,3.99,8.98,16877.13,22126.96,243.49,8.05,43.51,17612.57,2394.96,10496.75,6393.19,5.61,0.0,14.19,8.78,1557.26,1.84,12.58,0.08,0.02,404.52,2.15,1.76,73.51,19.61,1.74,4.66,-810.48,2690.98,3.56,1394.18,93.4,607.0,210.24,12.9,7238.56,8732.0,26246.11,3.23
95,163.19,307.67,204.63,7.74,6.29,8.08,17901.55,24624.35,239.71,9.64,53.58,20828.82,5313.33,14980.65,4166.49,14.6,0.0,11.37,1.98,196.34,26.71,7511.45,3555.98,0.04,1821.38,1.43,2.27,58.31,20.69,0.75,9.16,-1275.36,4385.96,22.56,9133.12,1091.55,553.5,4509.71,6.45,14701.83,4425.69,23916.23,2.52
96,175.4,222.88,114.43,5.31,6.7,13.86,14822.79,19684.99,174.22,8.66,30.67,17771.71,1506.89,5365.99,10330.01,6.93,0.03,14.87,24.86,4061.39,10.06,2284.98,1.66,0.21,182.89,1.36,2.09,88.57,18.48,0.5,3.81,-1213.7,4413.15,0.94,402.14,915.86,1067.85,1556.39,17.08,2965.9,12739.62,22541.8,2.86
97,181.47,231.54,126.86,4.89,6.57,13.32,13949.49,20017.35,155.83,7.0,29.67,14272.62,1240.19,5522.5,8614.26,5.97,0.05,17.23,18.32,2157.32,25.43,4916.44,0.59,0.04,912.97,2.53,2.33,223.08,18.55,0.87,3.19,-1145.45,4231.85,16.78,4264.78,13.53,105.57,2295.2,72.87,4992.75,9131.29,19305.75,2.77
98,185.93,329.04,258.78,7.54,7.06,9.55,14883.51,20191.64,161.39,6.69,21.24,22095.01,1172.99,1629.81,846.71,18333.98,0.62,153.4,0.46,70.82,42.53,5113.2,8.21,0.89,252.82,1.97,1.94,85.87,18.67,0.38,2.7,-1259.91,4632.27,37.52,28233.26,600.08,636.2,2613.91,43.57,1623.12,19188.72,29262.51,2.42
99,215.23,373.05,311.71,7.2,7.21,10.6,15875.97,21642.55,186.27,7.0,21.87,26340.24,1790.2,24738.85,73.24,15.1,0.08,28.37,0.23,31.64,92.62,13034.82,16.6,0.37,152.6,1.53,1.74,67.29,19.34,1.13,5.99,-1363.88,4877.39,92.5,13435.98,752.19,698.6,5614.39,9.94,4431.37,20399.0,33218.54,2.47
100,159.12,234.17,128.79,5.38,7.78,13.57,11200.57,17382.25,72.83,4.35,9.64,14298.56,599.89,7825.98,6106.86,4.78,0.07,20.63,36.2,3365.6,15.14,3523.0,0.72,0.2,1346.14,2.54,2.88,472.69,17.25,0.49,0.61,-1067.95,4661.56,0.66,241.87,65.28,283.44,2012.84,108.17,7900.21,6032.19,16827.26,2.44
101,158.32,209.57,136.01,6.1,7.4,12.45,9947.64,16179.85,40.42,3.17,4.66,18081.83,352.19,2013.0,15890.18,3.64,25.62,7477.14,0.04,10.44,38.32,13074.32,677.63,0.01,528.52,2.33,2.69,589.87,16.62,0.79,0.17,-889.75,4001.06,0.2,44.64,1.74,166.04,1142.46,63.76,2075.48,15831.77,20200.31,2.51
102,158.8,188.08,100.02,4.07,5.71,12.59,11979.69,17874.28,95.13,5.03,15.62,13595.6,1863.62,5172.96,7078.5,5.25,0.07,18.88,0.32,33.84,71.47,5687.9,5166.99,5113.78,365.79,1.52,2.51,400.9,17.49,0.71,1.78,-785.7,3333.95,70.62,7382.41,279.51,1032.27,2372.78,644.38,5069.77,7047.71,16022.77,2.92
103,165.33,280.35,191.52,4.93,6.88,12.39,11535.62,17257.02,85.53,5.32,13.42,15654.45,895.62,9122.36,6078.38,8.03,20.59,4876.91,0.16,10.63,12.35,2405.9,0.36,0.15,574.31,1.66,2.16,366.91,17.19,1.28,1.09,-942.71,3947.67,0.63,239.17,177.28,249.49,2145.85,111.7,7389.01,7820.61,20203.26,2.52
104,154.38,194.55,66.09,7.91,7.36,10.79,14985.78,20911.96,159.15,7.88,31.34,22244.35,2177.57,9873.73,6357.7,7.44,10.84,2857.09,0.02,3.89,1.73,72.09,9771.58,684.63,2003.14,1.99,2.14,96.02,18.99,0.54,4.67,-1333.53,4860.2,0.39,73.56,3973.5,1813.87,1670.4,8.11,9871.4,6372.52,21350.38,2.54
105,152.27,217.57,146.17,5.73,8.59,11.03,11248.48,16490.8,82.61,2.08,10.42,21844.36,730.64,2168.24,19398.02,7.02,0.32,72.77,15.86,1607.76,0.93,11.16,0.22,0.06,522.63,2.07,2.57,569.13,16.77,1.02,0.82,-1105.63,4735.27,0.37,69.12,6.31,259.13,1425.66,177.23,2235.06,19333.68,28798.24,1.95
106,185.73,353.31,196.41,7.92,5.82,10.97,15794.27,22516.92,184.42,8.01,22.33,25247.92,1400.51,13673.58,8245.52,7.19,23.96,5369.01,0.01,4.74,1.28,14.34,1.41,0.05,686.02,6.14,3.19,102.09,19.82,0.38,2.21,-1122.74,3995.31,2.28,793.34,451.42,2844.51,4318.82,31.71,13617.18,8273.44,28570.1,3.25
107,183.12,326.41,237.41,5.99,7.35,14.18,12931.45,19044.37,107.48,4.08,13.4,18622.09,698.83,2958.35,11779.69,6.8,17.62,3974.15,31.21,3241.27,1.04,42.64,2.31,0.62,549.86,4.0,3.14,352.27,18.03,0.46,0.38,-1102.47,4490.51,1.39,558.81,1082.34,2713.16,3004.35,271.51,3007.13,11725.43,18827.72,2.74
108,143.38,166.97,94.21,3.65,6.83,14.77,13423.28,17985.44,146.17,7.88,16.17,17636.82,1724.1,3099.24,13178.08,8.96,60.8,8858.38,0.29,26.56,1.41,120.94,1.67,0.1,202.31,1.31,1.63,148.45,17.64,0.53,1.96,-1170.27,4325.37,2.7,1293.72,523.9,775.33,2495.1,1674.57,3106.04,13184.27,23493.3,2.7
109,188.32,169.31,95.46,5.89,5.27,7.79,18427.6,21155.3,279.45,8.85999999999999,57.36,19894.13,4763.74,17285.54,182.16,39.81,0.0,10.92,0.0,2.77,29.35,12462.91,2666.91,258.39,513.82,1.18,2.4,40.39,19.19,0.83,5.64,-1078.63,3547.03,32.78,14015.57,35.86,225.81,2649.01,10.41,7444.07,2390.69,23729.79,2.6
110,168.56,304.96,243.34,4.58,7.21,13.93,11175.23,16965.25,77.89,3.43,16.1,17088.36,688.42,2478.91,13310.43,7.91,0.72,151.18,3.76,593.13,0.8,67.43,2.23,1888.54,239.7,1.73,2.36,569.97,17.06,1.43,0.59,-949.33,4072.72,49.69,20287.36,9.46,1273.69,1756.09,342.14,2559.82,13239.65,20949.89,2.57
111,173.04,223.2,145.5,4.77,6.85,12.61,9397.39,15126.97,39.3,2.63,4.31,10742.74,323.43,1948.6,8520.44,3.39,39.34,6125.39,0.0,2.61,0.89,11.75,2416.3,8255.4,676.68,1.49,2.5,786.97,16.03,1.18,0.1,-767.48,3638.5,0.23,50.94,2.05,261.16,1375.23,400.48,2030.65,8442.2,13358.22,2.54
112,152.12,166.58,98.68,3.77,7.21,12.13,10406.86,16176.65,71.6,3.32,7.34,13761.56,552.1,4170.74,8968.16,4.06,15.19,4342.68,0.0,3.36,53.73,21528.46,3619.71,6045.95,646.51,1.74,2.27,588.48,16.61,0.87,0.43,-876.12,3846.67,0.41,87.41,21.68,473.38,1252.48,175.39,4221.77,9037.65,17830.52,2.21
113,221.87,274.67,189.75,9.94,5.62,9.33,20417.28,25273.52,213.78,9.98999999999999,35.16,27681.57,3503.17,9535.31,12849.05,11.8,0.41,96.37,0.79,139.98,43.29,3820.78,12.18,0.06,3149.56,3.87,1.86,95.36,20.97,0.87,2.71,-1269.94,4176.07,0.61,236.19,126.09,5132.52,1350.11,23.38,9346.8,12863.56,25356.53,3.43
114,140.27,228.48,153.84,8.31,6.65,9.48,16051.09,21704.99,187.06,12.51,33.23,20996.33,2475.74,18906.96,648.32,9.52,0.07,24.69,21.87,2184.95,24.78,4166.45,4247.85,0.03,1271.03,1.98,2.09,99.6,19.37,0.52,3.5,-1290.73,4641.14,2.99,1251.7,130.74,1285.31,1783.46,8.74,10808.91,8719.6,23843.38,2.68
119,166.8,158.68,91.73,5.46,6.68,11.36,11647.39,17425.04,78.49,6.14,14.77,15777.69,870.52,4206.33,11362.09,6.36,45.11,8586.92,29.04,7419.57,0.95,8.16,0.28,0.07,384.94,2.04,2.48,512.41,17.27,0.98,0.94,-887.7,3743.41,0.19,49.24,25.96,165.55,1757.24,99.96,4265.23,11305.04,18666.66,2.52
120,189.66,245.69,142.62,6.59,6.21,11.73,15455.09,21666.64,183.87,6.61,24.9,20283.63,1211.02,12613.6,6688.49,8.01,0.12,32.05,19.6,1787.86,1.4,35.26,2.12,0.12,642.35,5.07,3.24,116.26,19.42,0.46,2.44,-1183.45,4198.82,0.32,138.41,16.03,944.78,3405.88,78.8,3219.88,16029.32,25707.54,2.95
121,169.63,191.94,115.3,3.84,7.6,15.54,9529.69,15480.76,46.1,2.57,4.71,12012.15,346.35,2319.78,9544.06,6.84,23.63,7652.3,13.33,1714.42,39.51,10478.83,224.71,653.17,753.85,1.57,2.51,777.85,16.25,1.26,0.2,-836.31,3929.19,0.29,57.47,1.18,134.62,1418.8,178.32,2218.57,9456.19,16240.05,2.55
123,176.36,219.95,149.73,5.09,6.1,12.49,11584.73,17441.02,92.13,4.42,14.21,16581.47,696.97,8155.25,6771.83,4.26,1.06,197.7,25.77,4140.56,56.89,4067.69,0.3,0.09,412.01,2.15,2.7,575.48,17.29,0.96,1.19,-791.62,3384.3,8.64,2120.42,33.66,1608.65,1517.42,132.29,3237.31,11690.51,18402.17,2.88
126,189.71,250.08,142.45,8.57,5.57,10.08,15407.32,22112.09,159.54,9.05,18.95,21120.68,2086.4,10365.76,10402.49,6.5,3.76,640.34,0.02,5.75,17.59,1496.21,1.78,0.05,1161.01,6.37,3.7,120.78,19.59,0.31,1.77,-1057.2,3817.31,0.57,196.62,20.59,311.01,3918.01,30.85,7392.0,13052.65,25323.61,3.35
128,165.11,179.58,100.34,5.29,6.83,12.05,12019.29,17109.26,102.63,5.68,16.1,15898.19,1033.04,3870.06,11386.22,6.55,1.26,237.58,11.08,1512.98,0.8,20.7,174.06,144.41,897.23,2.32,2.52,505.23,17.1,0.92,1.26,-936.79,3879.86,0.47,145.1,23.44,563.18,2014.54,631.35,3922.06,11326.43,20567.57,2.54
129,174.63,253.04,112.71,4.99,6.86,12.01,13663.51,18594.85,145.01,9.02999999999999,17.71,16179.86,1081.66,7573.84,7768.97,5.76,0.18,50.61,62.08,4087.4,22.67,8131.07,0.91,0.08,357.63,1.86,2.0,125.49,17.92,0.46,1.61,-1164.5,4320.48,0.88,305.93,289.4,512.48,2088.16,42.27,2912.5,12436.22,20863.94,2.48
135,163.34,258.01,131.3,6.36,6.87,13.58,14628.26,19847.14,165.0,6.84,29.89,19176.81,1343.05,9591.85,8034.35,8.55,0.01,14.97,0.13,14.99,7.87,599.98,4101.86,3151.2,286.43,1.75,2.08,123.45,18.54,0.63,4.04,-1270.38,4675.27,0.85,275.4,733.85,741.67,2134.15,164.19,3205.4,14433.35,24351.17,2.9
136,164.66,177.73,74.22,6.17,7.83,13.09,12091.33,17847.96,95.84,6.15,16.02,14072.92,1673.08,8979.43,4694.34,7.61,0.05,19.68,15.55,1812.88,1.56,60.63,4279.99,3006.88,542.81,2.21,2.48,399.88,17.49,0.56,1.69,-1114.82,4688.06,0.79,265.12,148.49,213.23,2051.23,87.09,9034.88,4639.72,16605.76,2.46
137,198.29,273.79,128.03,7.1,6.48,12.07,14571.75,20093.15,152.55,7.08,20.88,21851.44,1259.67,4498.89,13247.16,9.65,0.01,15.03,51.49,2547.35,1.23,45.59,1.95,0.15,445.68,3.08,2.7,118.7,18.66,0.6,2.68,-1158.23,4354.5,1.11,483.92,2131.34,1809.29,2598.41,25.51,1686.8,16065.52,23902.85,2.96
138,170.98,135.32,72.05,6.19,6.09,9.99,15637.9,21210.77,193.44,9.89000000000001,41.01,20271.35,3067.72,6005.3,11853.72,10.72,0.81,148.79,0.0,3.72,1.17,11.03,252.99,0.15,1496.46,1.87,2.04,243.12,19.08,1.49,4.53,-1050.42,3831.61,0.29,73.36,36.26,2335.36,3122.01,55.76,4891.24,12987.12,23504.07,2.66
